logistics_provider,shipments,avg_cost_usd,avg_lead_time_hours,on_time_rate,avg_distance_km,stockout_rate,cost_service_index
Provider_X,5268,126.6481283219438,7.243196659073653,0.9608959757023539,85.351023158694,0.03929384965831435,0.007587131278085089
Provider_Z,3886,129.55946989191972,7.3708363355635615,0.9328358208955224,81.38051724137931,0.04040144107050952,0.007200058951103357
Provider_Y,7271,142.83446293494706,6.6136789987622056,0.9865217989272452,82.66763168752578,0.03672122129005639,0.006906749104216884
