transport_mode,shipments,avg_distance_km,avg_cost_usd,avg_lead_time_hours,on_time_rate,fill_rate,gross_margin_usd,cost_per_km
Air,6574,85.31876787344082,200.81585336172802,5.598836324916337,0.9853970185579556,0.9986087307558071,3386.0786446607854,2.3537125343817897
Road,7373,73.55085718160856,89.32835480808355,7.49852705818527,0.9601247796012478,0.9983653785312219,2475.3357778380578,1.2145114038238585
Rail,2478,106.446400322841,92.98564971751412,9.198910411622277,0.9293785310734464,0.9981265254357243,2235.1038902340597,0.8735443325044172
