warehouse_id,total_orders,units_ordered,units_shipped,revenue_usd,shipment_cost_usd,avg_order_lead_time_hours,on_time_delivery_rate,stockout_rate,avg_fill_rate,avg_return_rate,avg_inventory_on_hand,cost_per_shipment_usd,revenue_per_shipment_usd,inventory_turnover_proxy
WH_NORTH,5475,423647,422814,51136521.08,731928.33,6.993587214611872,0.9693150684931506,0.04018264840182648,0.9982819123101366,0.012522131752164878,798.7150684931507,133.6855397260274,9340.00385022831,529.3677516284718
WH_SOUTH,5475,420934,420272,51850054.33,735195.43,6.985492237442922,0.9676712328767123,0.03744292237442922,0.9985962381288243,0.012789912270421474,797.1256621004566,134.2822703196347,9470.329557990868,527.2343119559936
WH_EAST,5475,423280,422530,53585478.34,742076.06,7.005083105022831,0.9598173515981735,0.03762557077625571,0.9984020800503727,0.012480393907954948,810.7594520547946,135.53900639269406,9787.301979908676,521.1533444712078
