logistics_provider,shipments,avg_cost_usd,avg_lead_time_hours,on_time_rate,avg_distance_km,stockout_rate,cost_service_index
Provider_Y,2932,82.75929058663029,9.96431105047749,0.9989768076398363,85.05957025920873,0.6974761255115962,0.012070872050239885
Provider_X,2908,86.72540577716644,9.80963204951857,0.9982806052269602,84.41968707015131,0.6908528198074277,0.01151082080598109
