transport_mode,shipments,avg_distance_km,avg_cost_usd,avg_lead_time_hours,on_time_rate,fill_rate,gross_margin_usd,cost_per_km
Rail,710,84.4533661971831,59.23725352112675,10.162845070422534,1.0,0.9401412591464222,1912.6387464788731,0.7014196850699669
Road,4768,84.45205117449665,80.96886954697986,9.91171979865772,0.9997902684563759,0.9352301964021781,1879.851522651007,0.9587555118072886
Air,362,89.11005524861878,184.33618784530387,9.025055248618784,0.9806629834254144,0.9390969898979803,2009.66273480663,2.0686350977002803
