method,total_distance_km,distance_reduction_vs_random
Nearest Neighbor + 2-opt,938.4151983487046,0.30735929092005093
Nearest Neighbor,1070.3618131926405,0.2099699934885716
Random Baseline,1354.836910460004,0.0
