warehouse_id,total_orders,units_ordered,units_shipped,revenue_usd,shipment_cost_usd,avg_order_lead_time_hours,on_time_delivery_rate,stockout_rate,avg_fill_rate,avg_return_rate,avg_inventory_on_hand,cost_per_shipment_usd,revenue_per_shipment_usd,inventory_turnover_proxy
WH_NORTH,2920,173029,162078,20089559.93,250765.0,9.756123287671233,0.9993150684931507,0.6917808219178082,0.9358263156828058,0.011567346906684942,516.5486301369863,85.87842465753425,6879.98627739726,313.77103827962463
WH_SOUTH,2920,170817,160224,20654026.32,244082.72,10.018455479452054,0.9979452054794521,0.6965753424657535,0.9363075818454867,0.011106305377659335,523.158904109589,83.58997260273972,7073.296684931507,306.2625881761481
